Women Hot Collection,5.1,5.2,/women-hot-collection,19
Awesome Pink Show,6.1,6.2,/awesome-pink-show,20
Awesome Bag Collection,7.1,7.2,/awesome-bag-collection,21
Women Pant Collections,8.1,8.2,/women-pant-collections,22
Awesome Bags Collection,9.1,9.2,/awesome-bags-collection,23
Awesome Cap For Women,10.1,10.2,/awesome-cap-for-women,24
Polo Dress For Women,11.1,11.2,/polo-dress-for-women,25
Black Sunglass For Women,12.1,12.2,/black-sunglass-for-women,26
First Cloth,44,44,/first-cloth,59
Second Cloth,45,45,/second-cloth,49
Third Cloth,46,46,/third-cloth,89
Forth Cloth,47,47,/forth-cloth,65
Fifth Cloth,48,48,/fifth-cloth,33
Sixth Cloth,49,49,/sixth-cloth,77
Seventh Cloth,50,50,/seventh-cloth,22
Eighth Cloth,51,51,/eighth-cloth,99
Ninth Cloth,52,52,/ninth-cloth,35
What are the secrets to start-up success?,34,,/what-are-the-secrets-to-start-up-success,,
Man's Fashion Winter Sale,29,,/mans-fashion-winter-sale,,
Women Fashion Festive,30,,/women-fashion-festive,
Sed adipiscing ornare,28,,/sed-adipiscing-ornare,,